,words,weight,yes,no
0,transitory,-2,4,1
1,pertinent,-1,6,2
2,amenable,0,2,1
3,loquacious,-1,3,1
4,ruminate,-1,3,1
5,nugatory,4,2,2
6,piddling,4,2,2
7,indelible,7,5,3
8,equivocally,0,2,1
9,prosaic,0,5,2
10,iconoclastic,-1,3,1
11,blasphemous,-1,3,1
12,stolid,0,2,1
13,phlegmatic,0,5,2
14,salutory,7,5,3
15,sanguine,0,2,1
16,exoneration,-2,4,1
17,aberration,0,2,1
18,torpor,-1,3,1
19,effusive,0,2,1
20,stoic,0,2,1
21,tractable,-1,3,1
22,congenial,-3,5,1
23,enigmatic,0,2,1
24,pseudonym,-1,3,1
25,abhorred,0,2,1
26,repudiated,0,2,1
27,deride,0,2,1
28,incinerate,0,2,1
29,allay,-1,3,1
30,rarefy,-1,3,1
31,denigrating,0,2,1
32,emancipation,-1,3,1
33,apathy,0,2,1
34,catholic,0,2,1
35,radical,0,2,1
36,valor,0,2,1
37,fidelity,0,2,1
38,salubrious,-2,4,1
39,emaciated,-1,3,1
40,dessicate,0,2,1
41,desultory,4,9,3
42,diatribe,-1,3,1
43,diffident,-1,3,1
44,dilate,0,2,1
45,dilatory,0,13,3
46,dilettante,0,2,1
47,dirge,4,32,5
48,disabuse,5,1,2
49,dissemble,5,1,2
50,dissonance,1,1,1
51,dogma,0,2,1
52,dogmatic,0,2,1
53,bigot,-1,3,1
54,eclectic,-2,4,1
55,elegy,1,1,1
56,eloquent,1,1,1
57,enervate,1,1,1
58,innervate,1,1,1
59,unnerving,1,1,1
60,engender,1,1,1
61,enigma,0,2,1
62,ephemeral,1,1,1
63,equivocal,1,1,1
64,equivocate,0,2,1
65,erudite,-1,3,1
66,esoteric,1,1,1
67,euphemism,0,2,1
68,exacerbate,0,2,1
69,exculpate,1,1,1
70,exigent,1,1,1
71,fervid,5,1,2
72,florid,0,2,1
73,foment,4,2,2
74,frugality,1,1,1
75,garrulous,-1,3,1
76,imperviable,1,1,1
77,browbeat,5,1,2
78,coevals,1,1,1
79,condign,1,1,1
80,contrite,1,1,1
81,covet,0,2,1
82,delinquency,-2,4,1
83,despicable,1,1,1
84,dithery,0,2,1
85,impervious,5,1,2
86,importunes,1,1,1
87,indigent,0,2,1
88,infallible,0,2,1
89,insalubrious,1,1,1
90,nascent,0,2,1
91,ostracized,0,2,1
92,pulpit,-1,3,1
93,renegades,5,1,2
94,sanctimonious,-1,3,1
95,truancy,1,1,1
96,twilight,-2,4,1
97,ubiquitous,0,2,1
98,eschewed,1,1,1
99,obviate,1,1,1
100,invigorating,0,2,1
101,vacillating,1,1,1
102,ebullience,1,1,1
103,repudiation,1,1,1
104,opulence,1,1,1
105,disconcerted,0,2,1
106,placate,1,1,1
107,animadversion,1,1,1
108,felicity,1,1,1
109,undergrid,1,1,1
110,gainsay,-1,3,1
111,recondite,1,1,1
112,overbearing,0,2,1
113,confusion,1,1,1
114,introspect,0,2,1
115,retrospect,1,1,1
116,surmise,12,1,3
117,acerbic,0,2,1
118,castigate,1,1,1
119,subjugate,0,2,1
120,renege,1,1,1
121,besmirch,5,1,2
122,iconoclast,0,2,1
123,neophyte,0,2,1
124,gourmand,0,2,1
125,dissidents,1,1,1
126,sonorous,-3,5,1
127,caustic,-1,3,1
128,mellifluous,1,1,1
129,strident,5,1,2
130,specious,-1,3,1
131,conviviality,0,2,1
132,discordant,0,2,1
133,ameliorating,0,2,1
134,deletrious,1,1,1
135,lugubriously,0,2,1
136,chauvinistic,1,1,1
137,infelicitous,-1,3,1
138,blithe,-1,3,1
139,recalcitrant,1,1,1
140,insolent,1,1,1
141,grandiloquent,1,1,1
142,vendetta,5,1,2
143,transgression,1,1,1
144,dereliction,1,1,1
145,corrective,-2,4,1
146,kernel,0,2,1
147,surreptitiously,0,2,1
148,clandestine,0,2,1
149,subliminal,1,1,1
150,blandishment,4,2,2
151,somnolence,1,1,1
152,indictment,1,1,1
153,perspicacious,0,2,1
154,jaundice,0,2,1
155,pugnacious,1,1,1
156,junta,0,2,1
157,raconteur,5,1,2
158,atavism,0,2,1
159,arcane,1,1,1
160,conspicuous,1,1,1
161,supercilious,-1,3,1
162,coalesces,1,1,1
163,embellish,0,2,1
164,abdicate,0,2,1
165,vacillate,0,2,1
166,abnegate,1,1,1
167,adumbrating,1,1,1
168,xerothermic,0,2,1
169,polemical,1,1,1
170,antithetical,1,1,1
171,objurgation,5,1,2
172,desecrate,5,1,2
173,seminal,1,1,1
174,deference,0,2,1
175,exodus,0,2,1
176,ostracize,0,2,1
177,chagrin,1,1,1
178,piquant,1,1,1
179,slander,5,1,2
180,timorous,5,1,2
181,indolent,0,2,1
182,invariably,-1,3,1
183,unprecendented,1,1,1
184,inroads,5,1,2
185,revile,1,1,1
186,propound,1,1,1
187,scrupulous,0,2,1
188,ostensibly,11,12,4
189,inelucatable,-1,3,1
190,fallible,0,2,1
191,reparation,0,2,1
192,trite,0,2,1
193,banal,1,1,1
194,mollify,0,2,1
195,heretofore,0,2,1
196,servile,1,1,1
197,servitude,0,2,1
198,tyro,0,2,1
199,panned,5,1,2
200,venerated,1,1,1
201,harangue,-3,5,1
202,abrogated,1,1,1
203,inscrutable,5,1,2
204,countenance,17,19,5
205,veracity,0,2,1
206,lackadaisical,1,1,1
207,assiduous,-2,4,1
208,jocose,1,1,1
209,reclusive,1,1,1
210,sedulous,5,1,2
211,remonstration,1,1,1
212,befuddlement,-1,3,1
213,disillusionment,4,2,2
214,recrimination,1,1,1
215,flagrantly,1,1,1
216,insiduously,1,1,1
217,vagabond,1,1,1
218,profiteer,1,1,1
219,patron,-1,3,1
220,prevaricate,0,2,1
221,denigrate,1,1,1
222,incontrovertible,12,1,3
223,commiserate,5,1,2
224,ratify,5,1,2
225,brandish,0,2,1
226,stultify,1,1,1
227,stupefy,0,2,1
228,jocular,0,2,1
229,droll,1,1,1
230,retroactive,5,1,2
231,frenetic,0,2,1
232,burgeon,-1,3,1
233,multifarious,1,1,1
234,apposite,1,1,1
235,cannon,0,2,1
236,canon,1,1,1
237,cantankerous,1,1,1
238,capricious,0,2,1
239,caucus,1,1,1
240,captious,1,1,1
241,centrifugal,0,2,1
242,centripetal,-1,3,1
243,vertigo,1,1,1
244,vexation,-1,3,1
245,limpid,5,1,2
246,heterodox,-1,3,1
247,ineluctable,0,2,1
248,exultant,0,2,1
249,melancholy,1,1,1
250,debilitation,5,1,2
251,assail,1,1,1
252,guise,-1,3,1
253,grouse,1,1,1
254,monopoly,1,1,1
255,sacrosanct,0,2,1
256,inviolable,-1,3,1
257,extant,0,2,1
258,corroborate,-1,3,1
259,obsolescence,1,1,1
260,faculty,1,1,1
261,chicanery,1,1,1
262,churlish,0,2,1
263,clairvoyant,1,1,1
264,clique,5,1,2
265,cloister,1,1,1
266,coagulate,-1,3,1
267,deriding,0,2,1
268,curt,-1,3,1
269,facile,1,1,1
270,dispel,5,1,2
271,impugn,-1,3,1
272,obtrude,0,2,1
273,venerate,1,1,1
274,olfactory,-1,3,1
275,antagonist,1,1,1
276,reticence,4,2,2
277,commensurate,1,1,1
278,complacent,1,1,1
279,complaisant,2,4,2
280,compunction,5,1,2
281,whimsical,1,1,1
282,concomitant,1,1,1
283,condone,1,1,1
284,consecrate,1,1,1
285,egregious,1,1,1
286,nebulous,0,2,1
287,implausible,1,1,1
288,intrepid,0,2,1
289,propitous,5,1,2
290,maladroit,1,1,1
291,virulent,1,1,1
292,sardonic,-1,3,1
293,fastidious,1,1,1
294,suffuse,2,11,3
295,proliferation,0,2,1
296,proclivity,1,1,1
297,predilection,-3,5,1
298,consternation,1,1,1
299,abnegation,1,1,1
300,trepidation,0,2,1
301,extirpation,1,1,1
302,destitute,0,2,1
303,embezzle,0,2,1
304,foraging,1,1,1
305,siphoning off,5,1,2
306,railing,0,2,1
307,tepid,1,1,1
308,aver,0,2,1
309,enunciate,12,1,3
310,fructify,0,2,1
311,inveigh,5,1,2
312,sycophant,1,1,1
313,zealot,0,2,1
314,renegade,1,1,1
315,proselytizing,0,2,1
316,exalt,1,1,1
317,reprehensible,1,1,1
318,censure,5,1,2
319,forsakes,0,2,1
320,ingenious,1,1,1
321,ingenuous,0,2,1
322,indigenous,1,1,1
323,beguile,1,1,1
324,ruefully,1,1,1
325,precipitous,5,1,2
326,hanker,12,1,3
327,collusion,1,1,1
328,naivete,-1,3,1
329,guileless,1,1,1
330,artifice,0,2,1
331,arbitrators,12,1,3
332,arbitration,1,1,1
333,fortuitous,5,1,2
334,execrable,0,2,1
335,impetuous,12,1,3
336,anathema,1,1,1
337,benediction,1,1,1
338,malediction,-1,3,1
339,travesty,1,1,1
340,consonance,1,1,1
341,calumny,1,1,1
342,contention,0,2,1
343,glut,1,1,1
344,diction,0,2,1
345,valediction,1,1,1
346,verbiage,-1,3,1
347,shibboleth,0,2,1
348,sporadic,-2,4,1
349,languidly,0,2,1
350,rancorous,5,1,2
351,galvanize,0,2,1
352,impede,1,1,1
353,mitigate,1,1,1
354,obeisance,1,1,1
355,opprobrium,0,2,1
356,pillage,-2,4,1
357,quiddity,0,2,1
358,coquette,1,1,1
359,cornucopia,0,2,1
360,covert,12,1,3
361,covetous,1,1,1
362,cozen,1,1,1
363,cogent,1,1,1
364,credence,-1,3,1
365,ardor,5,1,2
366,delineate,0,2,1
367,demotic,5,1,2
368,panegyric,1,1,1
369,denouement,1,1,1
370,continence,1,1,1
371,contumacious,1,1,1
372,conundrum,1,1,1
373,desuetude,5,1,2
374,diaphanous,5,1,2
375,dichotomy,0,2,1
376,diffidence,0,2,1
377,megalomania,1,1,1
378,mendacious,1,1,1
379,mendicant,0,2,1
380,meretricious,-1,3,1
381,quagmire,-1,3,1
382,quail,5,1,2
383,vapid,1,1,1
384,vaunt,1,1,1
385,venal,1,1,1
386,veracious,-1,3,1
387,vociferous,1,1,1
388,vitiate,1,1,1
389,vituperative,1,1,1
390,distraint,1,1,1
391,divulge,5,1,2
392,turbid,1,1,1
393,turgid,1,1,1
394,tutelary,12,1,3
395,undulating,0,2,1
396,usury,5,1,2
397,effete,1,1,1
398,effrontery,5,1,2
399,elysian,5,1,2
400,emollient,5,1,2
401,encomium,0,2,1
402,entomology,0,2,1
403,equable,1,1,1
404,equanimity,1,1,1
405,etymology,1,1,1
406,evocative,-1,3,1
407,vindictive,1,1,1
408,exigency,1,1,1
409,exorcise,1,1,1
410,expatiate,1,1,1
411,expatriate,1,1,1
412,atone,5,1,2
413,expiate,5,1,2
414,explicate,1,1,1
415,expository,1,1,1
416,extirpate,5,1,2
417,extraneous,0,2,1
418,factotum,1,1,1
419,fallow,5,1,2
420,fatuous,1,1,1
421,fawning,1,1,1
422, fervor,0,2,1
423,raiment,-1,3,1
424,recant,1,1,1
425,refractory,1,1,1
426,refulgent,12,1,3
427,forbearance,1,1,1
428,forestall,-1,3,1
429,obdurate,5,1,2
430,obsequious,-1,3,1
431,obsequy,5,1,2
432,odyssey,1,1,1
433,fracas,1,1,1
434,fractious,1,1,1
435,fulminate,1,1,1
436,fulsome,1,1,1
437,strut,-1,3,1
438,stygian,1,1,1
439,substantiate,0,2,1
440,subsume,5,1,2
441,gambol,1,1,1
442,tremulous,1,1,1
443,truculence,1,1,1
444,thespian,1,1,1
445,toady,5,1,2
446,timbre,0,2,1
447,tortuous,1,1,1
448,sylvan,1,1,1
449,tacit,1,1,1
450,taxonomy,0,2,1
451,tenet,1,1,1
452,tenuous,1,1,1
453,prevarication,1,1,1
454,munificence,1,1,1
455,incursion,1,1,1
456,gregarious,0,2,1
457,gustatory,1,1,1
458,halcyon,0,2,1
459,hallowed,5,1,2
460,litany,5,1,2
461,literati,1,1,1
462,sedition,1,1,1
463,sentient,11,2,3
464,sidereal,1,1,1
465,hyperbole,0,2,1
466,idolatory,1,1,1
467,igneous,0,2,1
468,imbroglio,1,1,1
469,impassive,1,1,1
470,jibe,5,1,2
471,juggernaut,4,2,2
472,laconic,1,1,1
473,peevish,5,1,2
474,malapropism,5,1,2
475,histrionic,0,2,1
476,homily,4,2,2
477,saturnine,5,1,2
478,satyr,1,1,1
479,succor,22,1,4
480,suffrage,1,1,1
481,sundry,1,1,1
482,suppliant,1,1,1
483,syllogism,12,1,3
484,ostensible,1,1,1
485,imperturbable,1,1,1
486,impinge,1,1,1
487,imprecation,1,1,1
488,stentorian,1,1,1
489,somatic,1,1,1
490,soporific,1,1,1
491,sordid,3,3,2
492,squalor,5,1,2
493,staccato,4,2,2
494,indigence,-1,3,1
495,inchoate,1,1,1
496,simian,1,1,1
497,sinecure,1,1,1
498,sunous,1,1,1
499,sobriety,1,1,1
500,sodden,0,2,1
501,solicitous,1,1,1
502,personable,1,1,1
503,munificent,0,2,1
504,ersatz,0,2,1
505,solipsistic,5,1,2
506,arresting,5,1,2
507,sophomoric,0,2,1
508,quixotic,-1,3,1
509,run the gauntlet,1,1,1
510,run the gamut,4,2,2
511,hold the line,0,2,1
512,disclaim,0,2,1
513,ponderous,5,1,2
514,cabal,12,1,3
515,incendiary,1,1,1
516,parochial,0,2,1
517,dulcet,1,1,1
518,urbane,1,1,1
519,painstaking,0,2,1
520,baneful,1,1,1
521,noxious,1,1,1
522,officious,-1,3,1
523,outstrip,-1,3,1
524,faculties,-1,3,1
525,poultice,5,1,2
526,foible,0,2,1
527,mores,1,1,1
528,peccadilloes,0,2,1
529,strife,1,1,1
530,impediment,-2,4,1
531,punitive,5,1,2
532,reverent,1,1,1
533,riposte,12,1,3
534,ruse,12,1,3
535,salacious,1,1,1
536,insuperable,1,1,1
537,interdict,1,1,1
538,internicine,5,1,2
539,intractable,1,1,1
540,intransigence,1,1,1
541,insipid,1,1,1
542,insouciant,5,1,2
543,insularity,5,1,2
544,apportion,1,1,1
545,delusion,-1,3,1
546,hysteria,0,2,1
547,stigmatized,1,1,1
548,antedated,0,2,1
549,complimentary,1,1,1
550,complementary,1,1,1
551,quaint,5,1,2
552,lascivious,0,2,1
553,sangfroid,-2,4,1
554,prescient,1,1,1
555,preternatural,-1,3,1
556,ordain,1,1,1
557,preordain,1,1,1
558,ludicrous,1,1,1
559,pithy,4,2,2
560,predeliction,0,2,1
561,indemnify,1,1,1
562,actuarial,5,1,2
563,quotidian,1,1,1
564,doyenne,5,1,2
565,slanderous,1,1,1
566,vicissitude,5,1,2
567,akimbo,1,1,1
568,subservient,1,1,1
569,askance to,5,1,2
570,improvident,0,2,1
571,taciturn,1,1,1
572,dissolute,1,1,1
573,impecunious,1,1,1
574,inimical,-1,3,1
575,pallid,1,1,1
576,listless,-1,3,1
577,coda,1,1,1
578,edifice,1,1,1
579,edification,1,1,1
580,pedagogy,0,2,1
581,catharsis,0,2,1
582,languish,0,2,1
583,inured,1,1,1
584,invective,1,1,1
585,inveigle,0,2,1
586,irresolute,1,1,1
587,invidious,5,1,2
588,irascible,0,2,1
589,repine,5,1,2
590,reprise,3,3,2
591,reproach,1,1,1
592,reprobate,1,1,1
593,rescind,1,1,1
594,reticent,5,1,2
595,ominously,5,1,2
596,anachronistically,0,2,1
597,providential,1,1,1
598,simpatico,3,3,2
599,maudlin,1,1,1
600,syncopate,1,1,1
601,coalesced,1,1,1
602,agglomerated,1,1,1
603,amortized,1,1,1
604,hector,5,1,2
605,invalidate,0,2,1
606,presage,0,2,1
607,inform,-1,3,1
608,deftly,1,1,1
609,unbeknownst,12,1,3
610,consanguinous,-1,3,1
611,coltish,5,1,2
612,chary of,0,2,1
613,sentries,1,1,1
614,fecund,-1,3,1
615,progeny,1,1,1
616,forebears,1,1,1
617,omnipotent,-1,3,1
618,herald,-1,3,1
619,equitable,12,1,3
620,stouter,5,1,2
621,vestigial,0,2,1
622,evanescent,5,1,2
623,peddle,0,2,1
624,steward,1,1,1
625,husband,1,1,1
626,upend,12,1,3
627,galloys,4,2,2
628,polemic,-1,3,1
629,torpid,-1,3,1
630,verdant,0,2,1
631,precocious,4,2,2
632,endearing,-1,3,1
633,deification,0,2,1
634,excoriation,1,1,1
635,calumnies,12,1,3
636,obliques,1,1,1
637,paen,-1,3,1
638,panacea,12,1,3
639,critique,-1,3,1
640,flagging,1,1,1
641,hale,5,1,2
642,lissome,1,1,1
643,enervated,-1,3,1
644,paucity,1,1,1
645,melange,1,1,1
646,dearth,0,2,1
647,didatic,1,1,1
648,priggish,0,2,1
649,subvert,5,1,2
650,prurient,5,1,2
651,puritanical,1,1,1
652,puckish,12,11,4
653,profligate,1,1,1
654,tedium,1,1,1
655,propensity,0,2,1
656,propitiate,0,2,1
657,puissant,5,1,2
658,proscribe,-1,3,1
659,punctilious,1,1,1
660,lassitude,1,1,1
661,levity,5,1,2
662,libertine,5,1,2
663,pedantry,1,1,1
664,parsimony,1,1,1
665,parsimonious,1,1,1
666,pulchritude,1,1,1
667,minutiae,0,2,1
668,probity,5,1,2
669,antedeluvian,1,1,1
670,ascetic,1,1,1
671,lucre,1,1,1
672,machiavellian,1,1,1
673,machinations,1,1,1
674,maelstrom,1,1,1
675,malinger,3,3,2
676,presumptuous,1,1,1
677,primordial,1,1,1
678,byzantine,0,2,1
679,inexorable,5,1,2
680,misanthrope,12,1,3
681,motley,1,1,1
682,platitude,0,2,1
683,plutocracy,5,1,2
684,metastasize,0,2,1
685,brusque,1,1,1
686,parlous,1,1,1
687,precarious,1,1,1
688,semiotic,5,1,2
689,ergonomics,1,1,1
690,intrepidity,0,2,1
691,mercurial,-1,3,1
692,vainglorious,12,1,3
693,inglorious,1,1,1
694,brook,0,2,1
695,stopgap,1,1,1
696,paragon,0,2,1
697,nadir,1,1,1
698,consecration,0,2,1
699,plaudits,0,2,1
700,distension,12,1,3
701,repertory,12,1,3
702,expatiation,1,1,1
703,protean,1,1,1
704,disposed,1,1,1
705,nuanced,4,2,2
706,onerous,-1,3,1
707,ornithologist,12,1,3
708,ostentatious,-2,4,1
709,overweening,1,1,1
710,pusillanimous,5,1,2
711,quiescent,1,1,1
712,bucolic,1,1,1
713,arcadian,1,1,1
714,squalid,0,2,1
715,hinterland,-1,3,1
716,tony,1,1,1
717,spartan,1,1,1
718,propriety,1,1,1
719,licentious,5,1,2
720,prudish,0,2,1
721,deft,0,2,1
722,whet,5,1,2
723,anemic,1,1,1
724,leery of,1,1,1
725,seething,1,1,1
726,baying,12,1,3
727,groan under the strain,5,1,2
728,triage,12,1,3
729,requite,1,1,1
730,tenacity,1,1,1
731,gauche,1,1,1
732,uncouth,1,1,1
733,penury,5,1,2
734,peremptory,0,2,1
735,perfidious,1,1,1
736,perfunctory,1,1,1
737,petulant,1,1,1
738,eschew,-1,3,1
739,hinging on,-1,3,1
740,fealty,5,1,2
741,wag,1,1,1
742,feckless,5,1,2
743,sartorial,4,2,2
744,chide,0,2,1
745,pillory,4,2,2
746,voluble,0,2,1
747,languid,4,2,2
748,hackneyed,0,2,1
749,tendentious,1,1,1
750,putative,5,8,3
751,subterfuge,5,1,2
752,overt,12,1,3
753,vivacious,0,2,1
754,poignant,0,2,1
755,austerity,5,1,2
756,peaceful,-1,3,1
757,hedonism,1,1,1
758,specter,5,1,2
759,stanchion,5,1,2
760,touchstone,5,1,2
761,cornerstone,5,1,2
762,vitreous,5,1,2
763,grizzled,1,1,1
764,duplicitous,5,1,2
765,discerning,1,1,1
766,encumbrence,1,1,1
767,dispensation,0,2,1
768,pique,-1,3,1
769,obtuse,0,2,1
770,fetid,-1,3,1
771,farcial,3,3,2
772,labile,1,1,1
773,ignominious,4,2,2
774,boorish,0,2,1
775,undermine,1,1,1
776,allegorical,1,1,1
777,solvent,1,1,1
778,imbue,5,1,2
779,belie,0,2,1
780,draconian,1,1,1
781,nonplussed,5,1,2
782,illicit,0,2,1
783,tirade,0,2,1
784,contraband,1,1,1
785,vituperation,1,1,1
786,stalemate,5,1,2
787,purblind,5,1,2
788,mordant,1,1,1
789,prim,5,1,2
790,antipathy,12,1,3
791,flagrant,5,1,2
792,spurious,1,1,1
793,innuendo,0,2,1
794,connundrums,4,2,2
795,contrived,0,2,1
796,counterpoint,12,1,3
797,macabre,1,1,1
798,buttress,-1,3,1
799,candour,5,1,2
800,abacus,1,1,1
801,abate,1,1,1
802,abdication,1,1,1
803,abet,1,1,1
804,abeyance,1,1,1
805,abhor,1,1,1
806,abide,-1,3,1
807,abjure,1,1,1
808,abraded,1,1,1
809,abrogate,0,2,1
810,abscond,0,2,1
811,abstruse,-1,3,1
812,abut,4,2,2
813,abysmal,1,1,1
814,acarpous,11,2,3
815,acclaimed,1,1,1
816,accolade,1,1,1
817,accretion,5,1,2
818,adamant,1,1,1
819,admonitory,1,1,1
820,adorn,-1,3,1
821,adulteration,1,1,1
822,affable,1,1,1
823,affinity,0,2,1
824,aggravate,0,2,1
825,agile,1,1,1
826,agog,0,2,1
827,ail,1,1,1
828,alacrity,1,1,1
829,alcove,5,1,2
830,allegiance,1,1,1
831,alleviate,-1,3,1
832,alloy,1,1,1
833,aloof,-2,4,1
834,amalgamate,0,2,1
835,ambidextrous,1,1,1
836,ambiguous,-2,4,1
837,ambivalent,1,1,1
838,ameliorate,0,2,1
839,amortize,1,1,1
840,anguish,0,2,1
841,animosity,1,1,1
842,antidote,1,1,1
843,apartheid,-1,3,1
844,aplomb,1,1,1
845,apostate,1,1,1
846,apotheosis,5,1,2
847,appease,1,1,1
848,apprehensive,0,2,1
849,apprise,1,1,1
850,approbation,1,1,1
851,apropos,5,1,2
852,apt,1,1,1
853,arabesque,1,1,1
854,arboreal,12,1,3
855,arduous,1,1,1
856,argot,1,1,1
857,arrant,5,1,2
858,arrogance,1,1,1
859,articulate,1,1,1
860,ascend,1,1,1
861,ascertain,1,1,1
862,ascribe,1,1,1
863,aseptic,1,1,1
864,asperity,0,2,1
865,aspersion,12,1,3
866,assuage,1,1,1
867,asterisk,0,2,1
868,astringent,5,1,2
869,astute,1,1,1
870,atonement,0,2,1
871,attenuate,1,1,1
872,attune,5,1,2
873,audacious,-1,3,1
874,augury,0,2,1
875,august,5,1,2
876,auspicious,-2,4,1
877,austere,1,1,1
878,auxiliary,0,2,1
879,aversion,-1,3,1
880,avid,0,2,1
881,avow,22,1,4
882,baleful,1,1,1
883,balk,-1,3,1
884,barrage,1,1,1
885,barren,0,2,1
886,bask,0,2,1
887,beatify,12,1,3
888,bedizen,5,1,2
889,belabor,1,1,1
890,bellicose,1,1,1
891,belligerent,-2,4,1
892,benefactor,1,1,1
893,benevolence,1,1,1
894,benign,1,1,1
895,bequest,4,2,2
896,berate,5,1,2
897,bereft,0,2,1
898,bewilder,1,1,1
899,bilge,5,18,4
900,blandness,0,2,1
901,blatant,1,1,1
902,bogus,1,1,1
903,boisterous,1,1,1
904,bolster,0,2,1
905,brash,0,2,1
906,brass,1,1,1
907,brazen,-1,3,1
908,breach,-1,3,1
909,brittle,1,1,1
910,broach,4,2,2
911,buoyant,-1,3,1
912,burnish,1,1,1
913,cadge,1,1,1
914,cajole,1,1,1
915,calipers,1,1,1
916,candid,1,1,1
917,cant,12,1,3
918,canvass,3,10,3
919,castigation,-1,3,1
920,catalyst,1,1,1
921,centurion,4,2,2
922,chary,0,2,1
923,chastened,1,1,1
924,chastisement,0,2,1
925,chauvinist,0,2,1
926,chisel,1,1,1
927,churl,5,1,2
928,clamor,1,1,1
929,clientele,1,1,1
930,clinch,1,1,1
931,cling,1,1,1
932,clot,0,2,1
933,cloture,1,1,1
934,coagulation,0,2,1
935,coalescing,1,1,1
936,coax,0,2,1
937,coddle,1,1,1
938,coerce,-2,4,1
939,coeval,1,1,1
940,cogitate,1,1,1
941,cognizant,1,1,1
942,colander,12,1,3
943,combustion,0,2,1
944,commemorate,1,1,1
945,commodious,1,1,1
946,commuter,1,1,1
947,complaisance,0,2,1
948,conceal,1,1,1
949,conceit,5,1,2
950,conciliatory,-1,3,1
951,concord,4,2,2
952,concur,-1,3,1
953,condense,1,1,1
954,congeal,1,1,1
955,conjoin,1,1,1
956,connoisseur,0,2,1
957,connotation,-1,3,1
958,consequential,1,1,1
959,console,0,2,1
960,constrain,0,2,1
961,constrict,-1,3,1
962,consume,1,1,1
963,consummate,1,1,1
964,contemn,11,2,3
965,contentious,5,1,2
966,contiguous,1,1,1
967,conviction,1,1,1
968,convoke,12,1,3
969,convoluted,0,2,1
970,cordial,1,1,1
971,cordon,4,2,2
972,corporeal,5,1,2
973,correlate,-2,4,1
974,corroboration,-1,3,1
975,counterfeit,0,2,1
976,countervail,12,1,3
977,cower,0,2,1
978,coy,0,2,1
979,crass,1,1,1
980,cravat,5,1,2
981,craven,1,1,1
982,crease,-1,3,1
983,credulity,0,2,1
984,credulous,-1,3,1
985,crush,0,2,1
986,cryptic,1,1,1
987,cumbersome,0,2,1
988,curmudgeon,1,1,1
989,curriculum,1,1,1
990,cursory,1,1,1
991,curtail,1,1,1
992,dainty,5,1,2
993,daunt,1,1,1
994,dawdler,0,2,1
995,debacle,1,1,1
996,decorum,1,1,1
997,decree,1,1,1
998,decry,1,1,1
999,defer,0,2,1
1000,deferential,0,2,1
1001,defiance,-1,3,1
1002,deluge,12,1,3
1003,demagogue,12,1,3
1004,demur,1,1,1
1005,deplete,0,2,1
1006,deposition,5,1,2
1007,deprave,1,1,1
1008,deprecate,1,1,1
1009,derision,4,2,2
1010,derivative,1,1,1
1011,derogatory,0,2,1
1012,descry,4,2,2
1013,desiccant,4,2,2
1014,deter,0,2,1
1015,detraction,1,1,1
1016,detumescence,1,1,1
1017,deviance,1,1,1
1018,dexterity,1,1,1
1019,disallow,1,1,1
1020,discern,1,1,1
1021,discomfit,1,1,1
1022,disconcert,1,1,1
1023,discountenance,1,1,1
1024,discourse,1,1,1
1025,discredit,0,2,1
1026,discreet,0,2,1
1027,discrete,1,1,1
1028,disdain,-1,3,1
1029,disencumber,1,1,1
1030,disheveled,1,1,1
1031,disingenuous,1,1,1
1032,disinter,1,1,1
1033,dislodge,-1,3,1
1034,dismal,0,2,1
1035,disparate,0,2,1
1036,disproof,1,1,1
1037,disseminate,-1,3,1
1038,dissent,0,2,1
1039,dissolution,1,1,1
1040,distraught,1,1,1
1041,divergence,-1,3,1
1042,divestiture,1,1,1
1043,doggerel,5,1,2
1044,dolt,1,1,1
1045,dormant,0,2,1
1046,dote,0,2,1
1047,drawl,1,1,1
1048,drone,0,2,1
1049,drowsiness,0,2,1
1050,dubious,1,1,1
1051,dud,5,1,2
1052,dupe,1,1,1
1053,duplicity,5,1,2
1054,duress,5,1,2
1055,dwarf,1,1,1
1056,dynamo,-2,4,1
1057,earthenware,5,1,2
1058,ebullient,1,1,1
1059,ecumenical,5,1,2
1060,edacious,12,1,3
1061,eddy,0,2,1
1062,edible,0,2,1
1063,efficacy,1,1,1
1064,effluvia,5,1,2
1065,egress,5,1,2
1066,elaborate,1,1,1
1067,elicit,0,2,1
1068,eloquence,1,1,1
1069,emaciate,1,1,1
1070,emote,1,1,1
1071,empirical,0,2,1
1072,encapsulate,1,1,1
1073,encumbrance,5,1,2
1074,endemic,0,2,1
1075,endorse,1,1,1
1076,enduring,0,2,1
1077,engrave,0,2,1
1078,engrossing,-1,3,1
1079,engulf,1,1,1
1080,enmity,1,1,1
1081,ensign,5,1,2
1082,entangle,1,1,1
1083,enthral,4,2,2
1084,entice,0,2,1
1085,entreat,1,1,1
1086,enzyme,0,2,1
1087,epicurean,1,1,1
1088,epistle,5,1,2
1089,epithet,5,1,2
1090,epitome,1,1,1
1091,equilibrium,1,1,1
1092,equipoise,5,1,2
1093,eradicate,-1,3,1
1094,erratic,1,1,1
1095,espouse,5,1,2
1096,eulogy,-1,3,1
1097,euphoria,0,2,1
1098,euthanasia,-1,3,1
1099,evasive,-1,3,1
1100,evince,1,1,1
1101,evoke,0,2,1
1102,exhaustive,0,2,1
1103,exorbitant,1,1,1
1104,expedient,5,1,2
1105,expiation,5,1,2
1106,exploit,1,1,1
1107,expostulate,1,1,1
1108,expurgate,1,1,1
1109,exscind,1,1,1
1110,extempore,0,2,1
1111,extenuate,5,1,2
1112,extinct,0,2,1
1113,extinguish,-1,3,1
1114,extol,5,8,3
1115,extort,0,2,1
1116,extralegal,12,1,3
1117,extricable,5,1,2
1118,extrovert,0,2,1
1119,exuberance,1,1,1
1120,facetious,1,1,1
1121,fallacious,1,1,1
1122,falter,0,2,1
1123,fawn,0,2,1
1124,feint,1,1,1
1125,felicitous,1,1,1
1126,felon,1,1,1
1127,ferment,11,2,3
1128,ferocity,1,1,1
1129,ferret,1,1,1
1130,fervor,-1,3,1
1131,fetter,0,2,1
1132,feud,-1,3,1
1133,fidget,0,2,1
1134,figurehead,11,2,3
1135,finesse,0,2,1
1136,finical,1,1,1
1137,finicky,5,1,2
1138,fission,1,1,1
1139,fixate,1,1,1
1140,flak,1,1,1
1141,flamboyant,1,1,1
1142,flaunting,-1,3,1
1143,flax,5,1,2
1144,fledged,5,1,2
1145,fleet,1,1,1
1146,flinch,1,1,1
1147,flop,-1,3,1
1148,flout,0,2,1
1149,fluke,1,1,1
1150,fluster,1,1,1
1151,foil,1,1,1
1152,foolproof,0,2,1
1153,foppish,1,1,1
1154,forage,0,2,1
1155,forbear,12,1,3
1156,ford,4,2,2
1157,forfeit,1,1,1
1158,forge,1,1,1
1159,forgery,1,1,1
1160,forswear,1,1,1
1161,foster,0,2,1
1162,fragile,1,1,1
1163,fragrant,1,1,1
1164,frantic,-1,3,1
1165,fret,0,2,1
1166,fringe,1,1,1
1167,froward,5,1,2
1168,frugal,0,2,1
1169,fulmination,5,1,2
1170,garble,1,1,1
1171,garment,1,1,1
1172,garner,0,2,1
1173,garrulity,1,1,1
1174,gaucherie,1,1,1
1175,germane,5,1,2
1176,gist,0,2,1
1177,glean,0,2,1
1178,glib,5,1,2
1179,glimmer,5,1,2
1180,gloat,1,1,1
1181,gnaw,1,1,1
1182,goad,11,2,3
1183,gorge,1,1,1
1184,gossamer,5,1,2
1185,gouge,1,1,1
1186,grave,0,2,1
1187,graze,1,1,1
1188,grievous,1,1,1
1189,grovel,22,1,4
1190,guile,-1,3,1
1191,gullible,-2,4,1
1192,gush,1,1,1
1193,gust,0,2,1
1194,hack,0,2,1
1195,hallow,5,1,2
1196,harbinger,1,1,1
1197,harrow,1,1,1
1198,haughty,1,1,1
1199,heed,1,1,1
1200,heinous,0,2,1
1201,heresy,12,1,3
1202,hermetic,1,1,1
1203,heterogeneous,1,1,1
1204,hew,158,19,11
1205,highbrow,1,1,1
1206,hirsute,12,1,3
1207,hoax,1,1,1
1208,hoi,0,2,1
1209,hollow,1,1,1
1210,holster,0,2,1
1211,homiletics,1,1,1
1212,hone,1,1,1
1213,hoodwink,1,1,1
1214,hospitable,0,2,1
1215,hubris,1,1,1
1216,hush,1,1,1
1217,husk,12,1,3
1218,hypocrisy,-1,3,1
1219,idiosyncrasy,0,2,1
1220,idolatry,1,1,1
1221,idyll,5,1,2
1222,ignoble,1,1,1
1223,immaculate,0,2,1
1224,imminent,-1,3,1
1225,immutable,0,2,1
1226,impair,0,2,1
1227,impending,1,1,1
1228,imperative,-1,3,1
1229,imperious,1,1,1
1230,impermeable,1,1,1
1231,imperviousness,4,2,2
1232,impiety,1,1,1
1233,implacable,1,1,1
1234,implicate,1,1,1
1235,implicit,1,1,1
1236,implosion,5,1,2
1237,importune,0,2,1
1238,impromptu,1,1,1
1239,impudent,0,2,1
1240,impugned,0,2,1
1241,impute,1,1,1
1242,inadvertent,0,2,1
1243,inane,1,1,1
1244,inasmuch,5,1,2
1245,incense,1,1,1
1246,incessant,1,1,1
1247,incipient,5,1,2
1248,incise,1,1,1
1249,incite,1,1,1
1250,inclined,-1,3,1
1251,incongruous,1,1,1
1252,incorrigibility,0,2,1
1253,incredulous,0,2,1
1254,inculcate,0,2,1
1255,incumbents,1,1,1
1256,indefatigability,12,1,3
1257,indistinct,1,1,1
1258,indolence,1,1,1
1259,indomitable,1,1,1
1260,indulge,1,1,1
1261,indulgent,1,1,1
1262,ineffable,5,1,2
1263,inept,1,1,1
1264,ineptitude,0,2,1
1265,inferno,-1,3,1
1266,infuriate,1,1,1
1267,infuse,1,1,1
1268,ingest,0,2,1
1269,inimitable,4,2,2
1270,innocuous,-1,3,1
1271,insensible,0,2,1
1272,insinuate,0,2,1
1273,insurrection,12,1,3
1274,interim,0,2,1
1275,intersperse,1,1,1
1276,intransigent,5,1,2
1277,introspection,-1,3,1
1278,inundate,0,2,1
1279,inveterate,5,1,2
1280,invincible,0,2,1
1281,involute,1,1,1
1282,irate,3,3,2
1283,ire,0,2,1
1284,irksome,-1,3,1
1285,irrevocable,0,2,1
1286,itinerate,1,1,1
1287,jabber,1,1,1
1288,judicious,-1,3,1
1289,knit,-1,3,1
1290,labyrinthine,0,2,1
1291,lachrymose,-1,3,1
1292,lackluster,-1,3,1
1293,lament,1,1,1
1294,latent,0,2,1
1295,laudatory,-1,3,1
1296,lavish,1,1,1
1297,legacy,1,1,1
1298,levee,1,1,1
1299,libel,1,1,1
1300,liberality,1,1,1
1301,lien,1,1,1
1302,limn,22,1,4
1303,limp,-1,3,1
1304,lionize,0,2,1
1305,lithe,1,1,1
1306,loll,5,1,2
1307,lope,12,1,3
1308,lucubrate,5,1,2
1309,luculent,1,1,1
1310,lugubrious,0,2,1
1311,lull,4,2,2
1312,lumber,1,1,1
1313,luminary,1,1,1
1314,lurk,1,1,1
1315,lustrous,-1,3,1
1316,macerate,12,1,3
1317,machination,1,1,1
1318,malevolence,1,1,1
1319,malign,1,1,1
1320,malleable,0,2,1
1321,manacle,1,1,1
1322,massacre,0,2,1
1323,matriculation,1,1,1
1324,maul,1,1,1
1325,maverick,0,2,1
1326,mendacity,1,1,1
1327,mesmerize,0,2,1
1328,meticulous,-1,3,1
1329,mettle,1,1,1
1330,mettlesome,1,1,1
1331,middling,5,1,2
1332,minatory,5,1,2
1333,mince,1,1,1
1334,mischievous,0,2,1
1335,miser,-1,3,1
1336,misogynist,0,2,1
1337,moderation,0,2,1
1338,molt,12,1,3
1339,morbid,1,1,1
1340,morose,1,1,1
1341,muffler,5,1,2
1342,mundane,0,2,1
1343,myriad,0,2,1
1344,negligent,1,1,1
1345,nexus,1,1,1
1346,nibble,1,1,1
1347,noisome,4,2,2
1348,nonchalant,0,2,1
1349,nonplussed,0,2,1
1350,nostrum,1,1,1
1351,obfuscate,5,1,2
1352,oblivious,1,1,1
1353,obloquy,1,1,1
1354,obstreperous,5,1,2
1355,obtain,0,2,1
1356,obtrusive,1,1,1
1357,occluded,1,1,1
1358,odious,0,2,1
1359,odium,1,1,1
1360,odor,-2,4,1
1361,ominous,0,2,1
1362,opaqueness,1,1,1
1363,opprobrious,0,2,1
1364,ossify,0,2,1
1365,ostentation,0,2,1
1366,ostracism,-1,3,1
1367,overhaul,0,2,1
1368,paean,0,2,1
1369,palate,12,1,3
1370,palatial,12,1,3
1371,palliate,5,1,2
1372,palpability,1,1,1
1373,palpitate,5,1,2
1374,paradigm,1,1,1
1375,parenthesis,1,1,1
1376,pariah,5,1,2
1377,partisan,5,1,2
1378,peccadillo,-1,3,1
1379,pedantic,4,2,2
1380,pedestrian,0,2,1
1381,pellucid,1,1,1
1382,penchant,1,1,1
1383,penitent,1,1,1
1384,penurious,12,1,3
1385,peregrination,1,1,1
1386,perfidy,12,1,3
1387,perilous,1,1,1
1388,peripatetic,1,1,1
1389,perish,1,1,1
1390,perjury,1,1,1
1391,permeate,-1,3,1
1392,pernicious,5,1,2
1393,perpetrate,1,1,1
1394,perspicacity,-1,3,1
1395,pertain,1,1,1
1396,pest,-2,4,1
1397,petrified,1,1,1
1398,petrify,0,2,1
1399,petrous,1,1,1
1400,philistine,1,1,1
1401,picaresque,1,1,1
1402,pied,12,1,3
1403,pinch,0,2,1
1404,pine,1,1,1
1405,pious,-1,3,1
1406,pitfall,1,1,1
1407,pith,-1,3,1
1408,pivotal,-1,3,1
1409,plaintive,1,1,1
1410,plaque,0,2,1
1411,plea,0,2,1
1412,plead,0,2,1
1413,plethora,0,2,1
1414,pliant,5,1,2
1415,plod,0,2,1
1416,pluck,0,2,1
1417,plumb,1,1,1
1418,plummet,-1,3,1
1419,plunge,0,2,1
1420,poncho,1,1,1
1421,portent,1,1,1
1422,precepts,1,1,1
1423,preclude,0,2,1
1424,precursory,5,1,2
1425,predominate,0,2,1
1426,preen,5,1,2
1427,premature,1,1,1
1428,preponderance,12,11,4
1429,presumption,1,1,1
1430,prevalent,1,1,1
1431,pristine,-2,4,1
1432,procrastination,1,1,1
1433,prodigal,-2,4,1
1434,prodigious,1,1,1
1435,profane,1,1,1
1436,profligacy,-1,3,1
1437,profundity,1,1,1
1438,profuse,1,1,1
1439,proliferate,1,1,1
1440,prolix,1,1,1
1441,prone,-1,3,1
1442,propagation,1,1,1
1443,propinquity,12,1,3
1444,propitiatory,5,1,2
1445,propitious,1,1,1
1446,protracted,1,1,1
1447,provident,0,2,1
1448,provisional,1,1,1
1449,provoke,1,1,1
1450,prudence,5,1,2
1451,prune,0,2,1
1452,pry,1,1,1
1453,pucker,12,1,3
1454,puissance,1,1,1
1455,pundit,0,2,1
1456,pungency,-1,3,1
1457,purvey,1,1,1
1458,putrefaction,0,2,1
1459,pyre,1,1,1
1460,quack,1,1,1
1461,quaff,12,1,3
1462,qualm,1,1,1
1463,quandary,0,2,1
1464,quell,1,1,1
1465,quibble,12,1,3
1466,quiescence,4,2,2
1467,quirk,1,1,1
1468,rabble,1,1,1
1469,raffish,1,1,1
1470,ramify,1,1,1
1471,rant,1,1,1
1472,rapacious,1,1,1
1473,rave,1,1,1
1474,reactionary,1,1,1
1475,rebuff,5,8,3
1476,recast,1,1,1
1477,recidivism,5,1,2
1478,reciprocity,0,2,1
1479,recitals,1,1,1
1480,recluse,5,1,2
1481,recompense,1,1,1
1482,reconcile,1,1,1
1483,recreancy,12,1,3
1484,recuperate,5,1,2
1485,redeem,0,2,1
1486,redoubtable,1,1,1
1487,refine,0,2,1
1488,regale,1,1,1
1489,regicide,5,1,2
1490,reiterate,1,1,1
1491,rejuvenation,0,2,1
1492,relapse,0,2,1
1493,remonstrate,0,2,1
1494,render,0,2,1
1495,renovate,0,2,1
1496,renowned,1,1,1
1497,repast,11,2,3
1498,repel,1,1,1
1499,repudiate,1,1,1
1500,repulsive,1,1,1
1501,resigned,0,2,1
1502,resilience,1,1,1
1503,resort,1,1,1
1504,restive,5,1,2
1505,resuscitation,1,1,1
1506,retard,1,1,1
1507,revere,0,2,1
1508,riddle,-1,3,1
1509,rift,1,1,1
1510,rivet,4,2,2
1511,roll,1,1,1
1512,rotund,1,1,1
1513,ruffian,5,1,2
1514,rumple,5,1,2
1515,sagacious,0,2,1
1516,salutary,5,1,2
1517,sanctimony,-1,3,1
1518,sanction,0,2,1
1519,sanity,0,2,1
1520,sash,1,1,1
1521,satiate,0,2,1
1522,savant,1,1,1
1523,savor,0,2,1
1524,sawdust,1,1,1
1525,scabbard,4,2,2
1526,scent,-2,4,1
1527,scorch,1,1,1
1528,scribble,1,1,1
1529,scurvy,1,1,1
1530,secular,-1,3,1
1531,sententious,5,1,2
1532,sequence,-1,3,1
1533,sere,22,1,4
1534,sermon,5,1,2
1535,serrated,5,8,3
1536,serration,1,1,1
1537,sever,0,2,1
1538,severance,5,1,2
1539,shallow,1,1,1
1540,shard,0,2,1
1541,sheath,0,2,1
1542,shrewd,1,1,1
1543,shrill,1,1,1
1544,shun,1,1,1
1545,shunt,1,1,1
1546,sidestep,1,1,1
1547,simper,5,1,2
1548,sinuous,5,1,2
1549,skiff,5,1,2
1550,skit,4,2,2
1551,slack,0,2,1
1552,slake,0,2,1
1553,slate,1,1,1
1554,sluggard,5,1,2
1555,slur,1,1,1
1556,smolder,1,1,1
1557,snare,5,1,2
1558,snub,-1,3,1
1559,soar,0,2,1
1560,sober,1,1,1
1561,soggy,1,1,1
1562,soot,-1,3,1
1563,sophisticated,1,1,1
1564,sophistry,5,1,2
1565,spear,1,1,1
1566,splenetic,1,1,1
1567,splice,1,1,1
1568,sponge,3,3,2
1569,spurn,1,1,1
1570,squander,-1,3,1
1571,squat,0,2,1
1572,stanch,12,1,3
1573,steeply,0,2,1
1574,stickler,1,1,1
1575,stigma,0,2,1
1576,stigmatize,0,2,1
1577,sting,0,2,1
1578,stingy,1,1,1
1579,stint,0,2,1
1580,stipple,1,1,1
1581,stipulate,1,1,1
1582,stray,1,1,1
1583,streak,0,2,1
1584,striated,1,1,1
1585,stride,1,1,1
1586,stymie,1,1,1
1587,subdue,1,1,1
1588,sublime,1,1,1
1589,submerge,4,2,2
1590,suborn,5,1,2
1591,subpoena,1,1,1
1592,substantiation,1,1,1
1593,suffice,-1,3,1
1594,suffocate,-1,3,1
1595,sullied,1,1,1
1596,summarily,1,1,1
1597,sumptuous,5,1,2
1598,superfluous,1,1,1
1599,superimpose,-1,3,1
1600,supersede,1,1,1
1601,supine,1,1,1
1602,supplicate,0,2,1
1603,suppress,1,1,1
1604,surcharge,4,2,2
1605,surfeit,1,1,1
1606,susceptibility,0,2,1
1607,swerve,1,1,1
1608,synopsis,0,2,1
1609,tadpole,-1,3,1
1610,talon,5,1,2
1611,tamp,5,1,2
1612,tamper,0,2,1
1613,tangential,-1,3,1
1614,tarnished,0,2,1
1615,tassel,1,1,1
1616,taunt,-2,4,1
1617,taut,1,1,1
1618,tautology,5,1,2
1619,tawdry,1,1,1
1620,teetotal,1,1,1
1621,temerity,1,1,1
1622,temperance,1,1,1
1623,temperate,1,1,1
1624,terse,1,1,1
1625,testiness,1,1,1
1626,thrift,1,1,1
1627,thwart,1,1,1
1628,timid,-1,3,1
1629,tonic,0,2,1
1630,topple,1,1,1
1631,torment,0,2,1
1632,torque,0,2,1
1633,tout,1,1,1
1634,transgress,1,1,1
1635,transient,-1,3,1
1636,trenchant,12,1,3
1637,trickle,1,1,1
1638,trifling,5,1,2
1639,truce,1,1,1
1640,trudge,5,1,2
1641,turbulence,1,1,1
1642,turmoil,1,1,1
1643,turpitude,12,1,3
1644,turquoise,5,1,2
1645,ulterior,-1,3,1
1646,umbrage,1,1,1
1647,underbid,1,1,1
1648,undulate,0,2,1
1649,unearth,0,2,1
1650,unencumbered,1,1,1
1651,unfeigned,0,2,1
1652,unscathed,0,2,1
1653,untoward,1,1,1
1654,upbraid,1,1,1
1655,vacillation,1,1,1
1656,vagary,12,1,3
1657,vain,0,2,1
1658,valiant,1,1,1
1659,valorous,1,1,1
1660,vanquish,1,1,1
1661,veer,1,1,1
1662,veneer,1,1,1
1663,veneration,1,1,1
1664,verisimilitude,1,1,1
1665,veritable,0,2,1
1666,verve,1,1,1
1667,vestige,12,1,3
1668,vex,1,1,1
1669,vigilance,1,1,1
1670,vigilant,1,1,1
1671,vigorous,1,1,1
1672,vilify,1,1,1
1673,virago,1,1,1
1674,visceral,1,1,1
1675,viscous,1,1,1
1676,vituperate,0,2,1
1677,volatile,1,1,1
1678,volubility,-2,4,1
1679,waffle,1,1,1
1680,waft,4,2,2
1681,warmonger,1,1,1
1682,warrant,1,1,1
1683,wean,1,1,1
1684,weigh,0,2,1
1685,welter,1,1,1
1686,wend,1,1,1
1687,wince,1,1,1
1688,woo,0,2,1
1689,writ,5,1,2
1690,yarn,1,1,1
